"cpi","avg_total_sales"
"126.06","1016970.237272727273"
"126.08","1021503.837272727273"
"126.09","1011887.621363636364"
"126.10","1040634.717272727273"
"126.11","1008677.025909090909"
"126.13","990190.905000000000"
"126.14","1054784.221363636364"
"126.15","989067.245757575758"
"126.16","997176.358181818182"
"126.18","993435.878181818182"
"126.19","926515.173636363636"
"126.21","1005615.512727272727"
"126.23","942678.079090909091"
"126.28","1009546.096363636364"
"126.29","1079978.911818181818"
"126.33","962507.284545454545"
"126.38","960348.161818181818"
"126.44","1051209.976818181818"
"126.47","1003328.119090909091"
"126.49","1035025.283636363636"
"126.50","1128029.900909090909"
"126.53","1082346.049090909091"
"126.55","1033752.540909090909"
"126.56","989074.825454545455"
"126.58","1071681.090000000000"
"126.60","1047735.093939393939"
"126.61","999482.985151515152"
"126.67","1434545.271818181818"
"126.73","1109911.700909090909"
"126.79","1207767.498181818182"
"126.88","1345030.790000000000"
"126.98","1739495.693636363636"
"127.09","899302.815454545455"
"127.19","1011783.894545454545"
"127.30","940769.682727272727"
"127.44","932568.981818181818"
"127.58","918319.223636363636"
"127.72","1077474.451818181818"
"127.86","1104518.665454545455"
"128.00","1131640.362727272727"
"128.13","1032734.501818181818"
"128.26","1096471.153636363636"
"128.40","1040762.950909090909"
"128.51","1034441.656363636364"
"128.62","984015.719090909091"
"128.72","1001766.067272727273"
"128.82","1055473.938181818182"
"128.91","1019759.941818181818"
"128.96","1109274.445454545455"
"129.00","994339.005454545455"
"129.04","1060979.250000000000"
"129.05","1045809.271818181818"
"129.06","996524.450000000000"
"129.07","1015544.270000000000"
"129.08","990484.610909090909"
"129.09","1032602.494090909091"
"129.11","1053119.254545454545"
"129.13","1021273.154545454545"
"129.15","1010631.781818181818"
"129.17","970327.928181818182"
"129.18","1090396.869090909091"
"129.20","1043751.832727272727"
"129.24","1056855.300909090909"
"129.28","1006878.757272727273"
"129.33","1053474.116363636364"
"129.37","1049618.198181818182"
"129.43","1020724.741818181818"
"129.52","982662.598181818182"
"129.61","956962.009090909091"
"129.69","1097836.128181818182"
"129.77","1021168.937272727273"
"129.78","1034505.773636363636"
"129.79","1039293.273636363636"
"129.81","1122615.748181818182"
"129.82","1130336.766363636364"
"129.83","1063805.436363636364"
"129.84","1495324.175454545455"
"129.85","1100130.943636363636"
"129.86","1249790.170000000000"
"129.90","1327495.013636363636"
"129.98","1695057.538181818182"
"130.07","1027964.008181818182"
"130.16","1078907.363636363636"
"130.24","994691.848181818182"
"130.28","976769.560000000000"
"130.31","950482.847272727273"
"130.35","1090125.663636363636"
"130.38","1192299.925454545455"
"130.45","1201098.940000000000"
"130.55","1087024.681818181818"
"130.65","1112182.077272727273"
"130.68","1053806.913636363636"
"130.70","1058932.120909090909"
"130.72","1075381.288181818182"
"130.74","1110365.077727272727"
"130.76","1056027.494090909091"
"130.79","1071583.917272727273"
"130.83","1098483.208181818182"
"130.84","1051478.963636363636"
"130.89","1086354.205909090909"
"130.90","1037223.431818181818"
"130.93","1126265.406363636364"
"130.96","1060649.290000000000"
"130.97","1037709.498181818182"
"130.98","1032506.539090909091"
"131.01","1017690.567272727273"
"131.03","1066860.793636363636"
"131.04","1112863.816363636364"
"131.08","1093588.657272727273"
"131.10","1086313.385454545455"
"131.11","1073170.605454545455"
"131.12","1063754.680909090909"
"131.13","1028620.663636363636"
"131.14","1105199.700909090909"
"131.15","1060720.703181818182"
"131.19","1051362.649090909091"
"131.53","1086651.473750000000"
"131.59","1087821.532500000000"
"131.64","1061308.203750000000"
"131.69","946432.891250000000"
"131.74","1066922.696250000000"
"131.78","1038757.901250000000"
"131.82","970095.193750000000"
"131.86","1000100.663750000000"
"131.90","1165147.285000000000"
"131.94","1056843.900000000000"
"131.98","1011439.695000000000"
"132.02","1005460.448750000000"
"132.06","972243.772500000000"
"132.11","1109731.946250000000"
"132.15","1021628.315000000000"
"132.22","1010155.437500000000"
"132.29","1168865.915000000000"
"132.36","1151033.940000000000"
"132.44","1080073.395000000000"
"132.47","1085983.832500000000"
"132.50","1082507.382500000000"
"132.52","1172036.633750000000"
"132.55","1158440.683750000000"
"132.57","1061546.162500000000"
"132.58","1008917.462500000000"
"132.60","1030007.361250000000"
"132.61","1107509.487500000000"
"132.63","1035874.463750000000"
"132.66","1060620.680000000000"
"132.68","1382205.354375000000"
"132.69","1100260.181250000000"
"132.72","1101787.860000000000"
"132.75","1482586.926875000000"
"132.76","1007332.134250000000"
"132.77","955337.496250000000"
"132.82","933483.468125000000"
"132.84","1505919.131250000000"
"132.87","962052.375000000000"
"132.88","907104.353750000000"
"132.92","998258.457500000000"
"132.95","829105.560000000000"
"132.98","1040394.188750000000"
"133.03","853535.747500000000"
"133.11","853655.928750000000"
"133.18","960971.291250000000"
"133.26","1027479.305000000000"
"133.37","1053205.700000000000"
"133.49","946884.032500000000"
"133.61","1022147.477500000000"
"133.74","935845.348750000000"
"133.85","922449.955000000000"
"133.96","903219.556250000000"
"134.07","912477.955000000000"
"134.18","998335.472500000000"
"134.28","969144.711250000000"
"134.36","1071407.872500000000"
"134.44","927120.062500000000"
"134.51","1052919.847500000000"
"134.59","1001760.983750000000"
"134.68","981757.980000000000"
"134.77","1035361.552500000000"
"134.86","1147021.780000000000"
"134.94","1076491.096250000000"
"135.08","1048203.152500000000"
"135.27","1051586.611250000000"
"135.35","1379306.886666666667"
"135.41","1312249.760000000000"
"135.45","1106082.048750000000"
"135.47","1401398.860000000000"
"135.52","1103782.496666666667"
"135.57","1161847.076666666667"
"135.63","1175240.273636363636"
"135.67","1261436.383333333333"
"135.71","1309230.133333333333"
"135.75","1473616.810000000000"
"135.78","1023512.950000000000"
"135.79","1395666.723333333333"
"135.83","1314319.060000000000"
"135.87","1102922.423636363636"
"135.92","1293499.583333333333"
"135.96","1094983.502727272727"
"136.01","1306776.226666666667"
"136.05","1066069.330000000000"
"136.08","1298251.883333333333"
"136.14","1022313.707500000000"
"136.15","1429995.516666666667"
"136.18","1024059.717500000000"
"136.21","1122901.393750000000"
"136.22","1483673.476666666667"
"136.24","994370.260000000000"
"136.27","1084138.835000000000"
"136.29","1365140.703333333333"
"136.31","944203.420000000000"
"136.32","1379367.760000000000"
"136.35","1429297.026666666667"
"136.37","1080640.448181818182"
"136.40","1493528.010000000000"
"136.42","1048495.949090909091"
"136.44","1301376.780000000000"
"136.46","1148754.774545454545"
"136.47","1095254.862631578947"
"136.48","1283776.818750000000"
"136.49","1110367.035789473684"
"136.50","1145738.608125000000"
"136.52","1071717.400000000000"
"136.53","1499050.260000000000"
"136.56","1289932.743333333333"
"136.59","1669658.905454545455"
"136.60","2273281.220000000000"
"136.61","1365819.043333333333"
"136.62","1266451.730000000000"
"136.63","1121289.566666666667"
"136.64","1046477.156363636364"
"136.67","930519.110000000000"
"136.69","1576153.270000000000"
"136.70","944762.111250000000"
"136.73","1030467.976666666667"
"136.74","1190839.696666666667"
"136.75","846903.432500000000"
"136.77","1179177.510000000000"
"136.79","1178884.433333333333"
"136.80","1009171.640000000000"
"136.83","1247541.193333333333"
"136.86","882914.445000000000"
"136.89","1010644.330000000000"
"136.96","831528.040000000000"
"136.97","951256.826666666667"
"137.05","1107246.273333333333"
"137.06","980294.363750000000"
"137.14","1168229.756666666667"
"137.17","1084733.313750000000"
"137.25","1183545.310000000000"
"137.26","1041502.777500000000"
"137.34","981707.323750000000"
"137.38","1147103.466666666667"
"137.42","977308.833750000000"
"137.50","1167977.453333333333"
"137.51","1011868.178750000000"
"137.58","962886.686250000000"
"137.63","1129482.796666666667"
"137.66","960680.473750000000"
"137.73","960551.155000000000"
"137.74","1117209.716666666667"
"137.80","1188070.416250000000"
"137.85","1083454.523333333333"
"137.87","963454.848750000000"
"137.92","957251.997500000000"
"137.96","1114359.196666666667"
"137.98","941396.453750000000"
"138.03","1012710.477500000000"
"138.06","1157414.426666666667"
"138.09","1040017.293750000000"
"138.11","1071140.168750000000"
"138.12","1103251.406250000000"
"138.13","1075259.693750000000"
"138.14","1068505.440000000000"
"138.16","1126829.590000000000"
"138.17","1063280.876250000000"
"138.19","1045704.673750000000"
"138.20","1025844.009375000000"
"138.23","1110632.671875000000"
"138.25","1305405.240000000000"
"138.26","1035745.928750000000"
"138.28","1110712.671250000000"
"138.33","1126677.500000000000"
"138.38","1097329.401250000000"
"138.41","1208099.733333333333"
"138.47","1097885.771250000000"
"138.50","1197086.670000000000"
"138.57","967944.922500000000"
"138.59","1157471.650000000000"
"138.65","974104.788750000000"
"138.68","1231000.036666666667"
"138.73","1009699.961250000000"
"138.74","980920.831250000000"
"138.77","1378114.923333333333"
"138.83","1037187.247500000000"
"138.86","1244637.803333333333"
"138.91","1043601.812500000000"
"139.00","1228596.520000000000"
"139.18","1224478.973333333333"
"139.36","1300643.163333333333"
"139.54","1281607.923333333333"
"139.70","1179318.286666666667"
"139.80","1179917.223333333333"
"139.89","1153552.673333333333"
"139.99","1185781.066666666667"
"140.09","1190043.016666666667"
"140.13","1191732.833333333333"
"140.16","1371084.446666666667"
"140.20","1079322.280000000000"
"140.23","1279448.673333333333"
"140.27","1096662.220000000000"
"140.33","1070615.293333333333"
"140.38","1100872.456666666667"
"140.41","1214221.278333333333"
"140.42","1924693.533333333333"
"140.43","1190746.557777777778"
"140.44","1315190.665000000000"
"140.46","1160829.020000000000"
"140.47","1591442.946666666667"
"140.48","1133283.026666666667"
"140.53","2050809.816666666667"
"140.59","1179305.430000000000"
"140.65","1034117.896666666667"
"140.70","990990.603333333333"
"140.81","1036336.176666666667"
"140.91","879572.360000000000"
"141.02","1089878.266666666667"
"141.12","1178610.853333333333"
"141.21","1145179.786666666667"
"141.30","1122196.693333333333"
"141.39","1083586.946666666667"
"141.47","1131607.256666666667"
"141.55","1131936.633333333333"
"141.63","1124761.613333333333"
"141.70","1108596.586666666667"
"141.77","1318932.153333333333"
"141.84","1126052.290000000000"
"141.90","1145000.860000000000"
"141.96","1069750.410000000000"
"142.02","1148836.120000000000"
"142.08","1158186.190000000000"
"142.10","1200223.133333333333"
"142.11","1311897.163333333333"
"142.12","1233101.896666666667"
"142.13","1227669.720000000000"
"142.16","1287343.363333333333"
"142.17","1194239.616666666667"
"142.19","1227975.923333333333"
"142.21","1119881.690000000000"
"142.22","1291680.503333333333"
"142.23","1188035.923333333333"
"142.25","1184338.130000000000"
"142.31","1245541.610000000000"
"142.41","1228495.086666666667"
"142.50","1274139.126666666667"
"142.59","1086407.473333333333"
"142.68","1083800.406666666667"
"142.76","1220869.343333333333"
"142.77","1110422.333333333333"
"142.85","1155922.880000000000"
"142.86","1142562.286666666667"
"142.94","1179254.756666666667"
"181.65","1591153.640000000000"
"181.66","1426893.505000000000"
"181.68","1443962.005000000000"
"181.69","1452005.285000000000"
"181.76","1546281.990000000000"
"181.85","1428037.675000000000"
"181.87","1721756.482500000000"
"181.97","1416479.825000000000"
"181.98","1180603.740000000000"
"182.03","1522910.370000000000"
"182.05","1514125.295000000000"
"182.08","1419380.517500000000"
"182.12","1507747.985000000000"
"182.16","1460861.240000000000"
"182.24","1600575.045000000000"
"182.26","1469316.847500000000"
"182.32","1567468.130000000000"
"182.35","1379378.250000000000"
"182.38","1519239.530000000000"
"182.43","1522134.405000000000"
"182.44","1458869.660000000000"
"182.52","1943072.130000000000"
"182.53","1483165.410000000000"
"182.54","2750774.240000000000"
"182.55","1801441.800000000000"
"182.57","1151436.330000000000"
"182.60","1405156.131666666667"
"182.61","1371038.200000000000"
"182.62","1368580.175000000000"
"182.66","1176557.425000000000"
"182.67","1423963.560000000000"
"182.72","1272855.710000000000"
"182.76","1418722.650000000000"
"182.78","2052104.935000000000"
"182.81","1323712.965000000000"
"182.86","1333760.230000000000"
"182.90","1352519.632500000000"
"182.92","1193737.100000000000"
"182.95","1421215.765000000000"
"182.99","1428918.995000000000"
"183.18","1115462.980000000000"
"183.44","1377667.100000000000"
"183.70","1373430.515000000000"
"183.94","1410642.540000000000"
"184.16","1304712.830000000000"
"184.39","1401547.985000000000"
"184.61","1322559.700000000000"
"184.81","1333028.095000000000"
"184.99","1299594.240000000000"
"185.18","1290768.155000000000"
"185.36","1393990.795000000000"
"185.53","1370115.440000000000"
"185.65","1473420.585000000000"
"185.67","1490832.210000000000"
"185.75","1478661.460000000000"
"185.79","1416192.650000000000"
"185.80","1358589.625000000000"
"185.86","1449173.745000000000"
"185.91","1433081.720000000000"
"185.94","1452875.285000000000"
"185.97","1343565.735000000000"
"186.03","1416059.585000000000"
"186.07","1399109.700000000000"
"186.14","1350989.980000000000"
"186.22","1311848.065000000000"
"186.30","1287850.990000000000"
"186.37","1416008.805000000000"
"186.45","1326477.355000000000"
"186.51","1304618.355000000000"
"186.56","1553724.815000000000"
"186.62","1238686.930000000000"
"186.67","1474436.230000000000"
"186.80","1288002.725000000000"
"187.03","1292831.030000000000"
"187.26","1254487.815000000000"
"187.48","1416121.905000000000"
"187.69","1305908.870000000000"
"187.78","1390345.495000000000"
"187.88","1419270.345000000000"
"187.97","1503742.965000000000"
"188.06","1445079.735000000000"
"188.20","1371482.245000000000"
"188.35","1928012.375000000000"
"188.50","1509390.190000000000"
"188.65","1713868.300000000000"
"188.80","1836634.385000000000"
"188.93","2445513.490000000000"
"189.06","1391776.260000000000"
"189.19","1286613.005000000000"
"189.33","1186431.900000000000"
"189.38","787071.027500000000"
"189.40","860860.415000000000"
"189.42","934373.634000000000"
"189.45","846715.591250000000"
"189.46","798842.915000000000"
"189.47","784387.460000000000"
"189.49","827209.833750000000"
"189.52","946748.806666666667"
"189.53","777411.236250000000"
"189.58","721989.820000000000"
"189.60","746128.560000000000"
"189.61","1013075.328333333333"
"189.62","728699.432500000000"
"189.66","742173.165000000000"
"189.67","766431.407500000000"
"189.69","771598.667500000000"
"189.70","838052.040000000000"
"189.71","1440456.680000000000"
"189.72","772281.710000000000"
"189.73","786284.262500000000"
"189.74","760790.730000000000"
"189.77","865090.842500000000"
"189.84","1439702.370000000000"
"189.94","860667.005000000000"
"190.01","1314050.470000000000"
"190.10","928368.857500000000"
"190.17","1354400.500000000000"
"190.26","896473.895000000000"
"190.29","911899.095000000000"
"190.33","862238.105000000000"
"190.34","1398904.090000000000"
"190.36","848535.237500000000"
"190.40","818648.887500000000"
"190.46","1364690.365000000000"
"190.47","791647.830000000000"
"190.54","1342641.540000000000"
"190.57","794428.257500000000"
"190.61","1341143.535000000000"
"190.67","770820.545000000000"
"190.69","1637750.845000000000"
"190.76","1347440.145000000000"
"190.78","792664.940000000000"
"190.81","1326174.090000000000"
"190.86","786536.492500000000"
"190.87","1247800.915000000000"
"190.91","817964.107500000000"
"190.92","1365827.485000000000"
"190.95","805127.182500000000"
"190.97","995516.142500000000"
"190.98","1379009.210000000000"
"190.99","871520.130000000000"
"191.00","1092004.798750000000"
"191.01","1312495.763333333333"
"191.02","1447374.440000000000"
"191.03","1054200.167000000000"
"191.04","819390.597500000000"
"191.06","1241399.020000000000"
"191.10","1182601.365000000000"
"191.13","1352745.025000000000"
"191.14","1556013.860000000000"
"191.16","1191055.830000000000"
"191.17","1129381.580000000000"
"191.23","1191465.115000000000"
"191.26","815535.865000000000"
"191.34","1170036.795000000000"
"191.37","858680.650000000000"
"191.46","1173820.030000000000"
"191.48","774641.540000000000"
"191.57","787700.575000000000"
"191.58","1335512.500000000000"
"191.67","748754.735000000000"
"191.70","1128516.245000000000"
"191.76","821792.305000000000"
"191.86","931584.873333333333"
"191.92","862623.870000000000"
"191.96","794090.520000000000"
"192.01","934666.488333333333"
"192.06","819253.997500000000"
"192.12","837164.485000000000"
"192.17","1210523.615000000000"
"192.20","808409.660000000000"
"192.27","800853.070000000000"
"192.31","1232319.525000000000"
"192.33","1170612.555000000000"
"192.34","812264.092500000000"
"192.42","791181.397500000000"
"192.52","837569.887500000000"
"192.62","768716.410000000000"
"192.73","814392.037500000000"
"192.83","810298.095000000000"
"192.84","861800.625000000000"
"192.85","943370.865000000000"
"192.90","918430.200000000000"
"193.00","904350.125000000000"
"193.09","961568.710000000000"
"193.19","961383.925000000000"
"193.31","904904.235000000000"
"193.51","937076.897500000000"
"193.71","913520.822500000000"
"193.91","973075.500000000000"
"194.11","949510.137500000000"
"194.25","958516.192500000000"
"194.38","924947.025000000000"
"194.51","902281.862500000000"
"194.64","899238.515000000000"
"194.74","859395.295000000000"
"194.81","832550.465000000000"
"194.88","797129.790000000000"
"194.95","859031.020000000000"
"195.03","855687.682500000000"
"195.18","871249.655000000000"
"195.33","873278.177500000000"
"195.48","898977.275000000000"
"195.64","888607.282500000000"
"195.72","857987.442500000000"
"195.77","1313170.070000000000"
"195.82","898652.707500000000"
"195.87","1048263.167500000000"
"195.98","1159527.580000000000"
"196.17","1558414.217500000000"
"196.36","962039.597500000000"
"196.55","896446.147500000000"
"196.73","827190.297500000000"
"196.78","812174.970000000000"
"196.83","781570.145000000000"
"196.87","855502.582500000000"
"196.92","851373.790000000000"
"196.94","922310.430000000000"
"196.95","853874.955000000000"
"196.96","856483.033750000000"
"197.05","882417.310000000000"
"197.23","867872.005000000000"
"197.41","854131.917500000000"
"197.55","870147.145000000000"
"197.56","867747.230000000000"
"197.59","927017.387500000000"
"197.60","963724.842500000000"
"197.61","859828.442500000000"
"197.62","915814.025000000000"
"197.66","896434.363750000000"
"197.69","964082.985000000000"
"197.72","808945.640000000000"
"197.74","963094.420000000000"
"197.78","865754.035000000000"
"197.79","952077.377500000000"
"197.83","1029472.750000000000"
"197.88","934233.670000000000"
"197.93","941662.122500000000"
"197.98","928832.190000000000"
"198.03","972033.555000000000"
"198.08","990494.570000000000"
"198.10","951275.816250000000"
"198.13","882666.770000000000"
"198.36","869128.442500000000"
"198.59","865048.162500000000"
"198.82","895012.107500000000"
"199.05","895376.850000000000"
"199.15","904778.275000000000"
"199.22","876958.825000000000"
"202.37","690851.590000000000"
"202.38","691498.600000000000"
"202.43","630740.110000000000"
"202.48","638957.350000000000"
"202.54","675282.200000000000"
"202.62","672062.080000000000"
"202.66","693058.340000000000"
"202.84","650102.800000000000"
"202.87","630315.760000000000"
"203.02","623097.930000000000"
"203.05","696844.360000000000"
"203.06","682888.805000000000"
"203.12","682012.530000000000"
"203.16","667353.790000000000"
"203.18","649035.550000000000"
"203.20","675508.740000000000"
"203.25","658997.550000000000"
"203.27","625196.140000000000"
"203.28","618702.790000000000"
"203.30","622112.230000000000"
"203.31","658600.050000000000"
"203.34","645386.940000000000"
"203.37","692016.860000000000"
"203.40","615761.770000000000"
"203.41","656637.630000000000"
"203.42","651798.800000000000"
"203.43","611796.610000000000"
"203.45","671016.323333333333"
"203.48","635112.380000000000"
"203.51","712869.090000000000"
"203.52","650263.950000000000"
"203.54","713479.910000000000"
"203.57","557543.620000000000"
"203.59","657108.770000000000"
"203.61","1398239.230000000000"
"203.65","1312988.615000000000"
"203.67","713332.540000000000"
"203.69","1286697.070000000000"
"203.70","633520.340000000000"
"203.73","1133649.623333333333"
"203.78","680943.030000000000"
"203.82","599771.835000000000"
"203.83","601004.790000000000"
"203.85","1360222.115000000000"
"203.87","605960.200000000000"
"203.88","1298925.060000000000"
"203.92","595421.230000000000"
"204.03","1613940.795000000000"
"204.14","1429213.745000000000"
"204.18","562558.270000000000"
"204.20","1295715.275000000000"
"204.25","1539313.550000000000"
"204.36","1396431.745000000000"
"204.38","1305822.135000000000"
"204.39","1346235.960000000000"
"204.40","1483887.395000000000"
"204.43","1418905.215000000000"
"204.46","1263355.260000000000"
"204.47","1451542.320000000000"
"204.48","1282913.415000000000"
"204.49","1392481.890000000000"
"204.53","1107705.533333333333"
"204.57","1355352.505000000000"
"204.61","1319010.465000000000"
"204.63","1933450.380000000000"
"204.64","1871227.237500000000"
"204.65","1200912.790000000000"
"204.67","1427500.390000000000"
"204.69","1858425.630000000000"
"204.70","1228352.920000000000"
"204.73","1320102.137500000000"
"204.75","1288674.830000000000"
"204.76","1403630.745000000000"
"204.79","1328915.760000000000"
"204.82","1399834.246666666667"
"204.85","1378547.420000000000"
"204.87","635650.980000000000"
"204.89","1296179.675000000000"
"204.95","1367336.565000000000"
"204.96","1963437.325000000000"
"205.01","1283385.555000000000"
"205.05","1174949.615000000000"
"205.06","1277799.730000000000"
"205.10","1411557.820000000000"
"205.11","1283137.015000000000"
"205.16","1440315.585000000000"
"205.17","626627.770000000000"
"205.21","1450507.680000000000"
"205.39","1180977.685000000000"
"205.44","592340.010000000000"
"205.71","616345.250000000000"
"205.73","1495486.760000000000"
"205.99","629026.750000000000"
"206.08","1413527.460000000000"
"206.23","635171.050000000000"
"206.37","1446626.635000000000"
"206.45","585989.100000000000"
"206.64","1254712.430000000000"
"206.67","611585.540000000000"
"206.86","665781.740000000000"
"206.90","646730.230000000000"
"206.92","1392168.395000000000"
"206.94","604925.080000000000"
"207.03","586781.780000000000"
"207.10","633365.090000000000"
"207.12","651147.830000000000"
"207.19","1074196.180000000000"
"207.25","597354.390000000000"
"207.26","638280.670000000000"
"207.31","556063.575000000000"
"207.37","605956.590000000000"
"207.41","611464.210000000000"
"207.43","1043562.946666666667"
"207.50","663396.320000000000"
"207.52","648330.180000000000"
"207.56","561573.080000000000"
"207.57","649148.740000000000"
"207.62","594224.900000000000"
"207.66","1220517.725000000000"
"207.68","649128.230000000000"
"207.73","684655.910000000000"
"207.85","618877.130000000000"
"207.88","1273185.440000000000"
"208.11","1337831.260000000000"
"208.13","1391282.350000000000"
"208.15","1437660.835000000000"
"208.16","586108.130000000000"
"208.23","1325048.210000000000"
"208.32","1365984.390000000000"
"208.33","1379686.135000000000"
"208.36","1459899.215000000000"
"208.44","1411158.715000000000"
"208.48","1208544.650000000000"
"208.53","1360192.990000000000"
"208.56","1331403.555000000000"
"208.59","1310879.900000000000"
"208.64","1265516.595000000000"
"208.66","1263415.870000000000"
"208.72","1434529.820000000000"
"208.76","1315693.695000000000"
"208.78","1359688.440000000000"
"208.79","642828.620000000000"
"208.80","1375142.495000000000"
"208.84","1339488.340000000000"
"208.90","1329999.875000000000"
"208.96","1390769.165000000000"
"209.02","1361895.520000000000"
"209.08","590984.560000000000"
"209.12","766206.420000000000"
"209.17","746529.020000000000"
"209.19","1303864.960000000000"
"209.22","708998.597500000000"
"209.27","750373.123333333333"
"209.37","572516.570000000000"
"209.39","778695.553333333333"
"209.40","764459.910000000000"
"209.50","1254502.815000000000"
"209.52","641905.370000000000"
"209.59","813368.380000000000"
"209.66","615975.500000000000"
"209.67","781611.076666666667"
"209.79","718437.046666666667"
"209.81","1292484.250000000000"
"209.85","744716.756666666667"
"209.86","763974.576666666667"
"209.87","733189.677500000000"
"209.94","820830.616666666667"
"209.98","745925.873333333333"
"210.00","964644.100714285714"
"210.05","913368.437142857143"
"210.08","709905.760000000000"
"210.09","669965.220000000000"
"210.10","926343.681428571429"
"210.11","755237.773333333333"
"210.12","1403752.830000000000"
"210.13","742862.366666666667"
"210.14","732947.126666666667"
"210.15","1107371.722500000000"
"210.18","873526.552500000000"
"210.21","780133.401666666667"
"210.24","779271.841666666667"
"210.26","768407.191666666667"
"210.28","1124979.740000000000"
"210.29","736287.013333333333"
"210.30","762296.530000000000"
"210.31","585028.260000000000"
"210.33","780574.636666666667"
"210.34","1549103.310000000000"
"210.36","798899.046666666667"
"210.37","704354.536666666667"
"210.38","766796.736666666667"
"210.39","939704.750000000000"
"210.40","1328511.575000000000"
"210.44","890721.857500000000"
"210.48","1158834.145000000000"
"210.49","1466058.280000000000"
"210.51","751811.283333333333"
"210.52","1025489.136666666667"
"210.54","617898.070000000000"
"210.55","1397458.700000000000"
"210.56","1121059.870000000000"
"210.58","730325.336666666667"
"210.60","723016.203333333333"
"210.62","1472540.300000000000"
"210.63","732163.570000000000"
"210.65","766799.803333333333"
"210.67","733969.746666666667"
"210.68","1027197.097500000000"
"210.69","1394932.745000000000"
"210.72","746416.993333333333"
"210.74","665007.080000000000"
"210.75","1217485.977500000000"
"210.76","1093620.157500000000"
"210.77","940248.870000000000"
"210.82","1594968.280000000000"
"210.83","1198630.152500000000"
"210.84","1501250.105000000000"
"210.87","1112784.562500000000"
"210.88","1119363.457500000000"
"210.89","815710.121666666667"
"210.90","1284104.538000000000"
"210.91","676290.460000000000"
"210.94","298697.840000000000"
"210.95","1232158.700000000000"
"210.97","681514.973333333333"
"210.98","1236765.091666666667"
"210.99","288839.730000000000"
"211.00","1116627.452500000000"
"211.01","1148979.757500000000"
"211.02","1404429.920000000000"
"211.03","1047502.332500000000"
"211.04","968807.728000000000"
"211.06","1356099.593750000000"
"211.07","505405.850000000000"
"211.10","1546314.910000000000"
"211.11","1197899.981111111111"
"211.12","1179757.117500000000"
"211.15","1069131.645000000000"
"211.16","1131249.327500000000"
"211.17","314817.990000000000"
"211.18","1249770.255714285714"
"211.19","1098994.337500000000"
"211.22","1242514.958333333333"
"211.24","1232671.883333333333"
"211.26","1088975.902500000000"
"211.27","1147705.147500000000"
"211.29","1611968.170000000000"
"211.30","1115267.410000000000"
"211.32","1409727.590000000000"
"211.33","929883.797142857143"
"211.34","1422711.600000000000"
"211.35","1554806.680000000000"
"211.37","851696.300000000000"
"211.38","1439541.590000000000"
"211.40","1184127.561666666667"
"211.41","1687877.970000000000"
"211.45","906648.585000000000"
"211.46","1466787.525000000000"
"211.47","1178035.624000000000"
"211.49","1049656.595000000000"
"211.50","1244059.373333333333"
"211.52","1120183.158000000000"
"211.53","1540163.530000000000"
"211.55","1123973.580000000000"
"211.57","992198.886666666667"
"211.59","587685.380000000000"
"211.60","1432435.760000000000"
"211.61","1203220.308000000000"
"211.64","1561776.386666666667"
"211.65","317173.100000000000"
"211.66","834861.181666666667"
"211.67","1453329.500000000000"
"211.68","629176.710000000000"
"211.70","717303.136666666667"
"211.73","337825.890000000000"
"211.75","1731932.020000000000"
"211.76","662198.650000000000"
"211.77","281706.410000000000"
"211.78","305993.270000000000"
"211.79","274742.630000000000"
"211.80","311825.700000000000"
"211.81","1459409.100000000000"
"211.83","1327405.420000000000"
"211.84","1571989.720000000000"
"211.85","303447.570000000000"
"211.86","1074329.738000000000"
"211.87","1731284.900000000000"
"211.88","270281.630000000000"
"211.89","1490932.170000000000"
"211.90","295257.300000000000"
"211.91","836532.465000000000"
"211.92","660632.050000000000"
"211.93","268929.030000000000"
"211.94","918864.790000000000"
"211.96","593999.632000000000"
"211.99","1519846.360000000000"
"212.00","1494479.490000000000"
"212.01","528387.280000000000"
"212.02","352811.530000000000"
"212.05","306533.080000000000"
"212.06","303043.020000000000"
"212.07","1880159.560000000000"
"212.08","282558.650000000000"
"212.09","323798.000000000000"
"212.12","450781.360000000000"
"212.13","1599560.130000000000"
"212.15","293131.580000000000"
"212.16","315848.130000000000"
"212.20","801688.330000000000"
"212.22","1114935.470000000000"
"212.23","283178.120000000000"
"212.24","2422952.000000000000"
"212.29","711986.273333333333"
"212.30","389428.730000000000"
"212.32","693249.980000000000"
"212.33","1770333.900000000000"
"212.37","280681.200000000000"
"212.38","275313.340000000000"
"212.40","1363455.185000000000"
"212.41","1644470.660000000000"
"212.42","284988.270000000000"
"212.45","297384.810000000000"
"212.46","278031.810000000000"
"212.51","325310.300000000000"
"212.52","636677.670000000000"
"212.53","1472033.380000000000"
"212.56","301827.360000000000"
"212.57","1402583.546666666667"
"212.58","748845.840000000000"
"212.59","1237525.420000000000"
"212.62","1606377.950000000000"
"212.63","1690317.990000000000"
"212.67","661707.020000000000"
"212.70","1857380.090000000000"
"212.74","1207568.700000000000"
"212.75","1019432.820000000000"
"212.76","1585240.920000000000"
"212.77","1606283.860000000000"
"212.81","623258.400000000000"
"212.82","1567138.070000000000"
"212.83","1243760.415000000000"
"212.85","1432953.210000000000"
"212.86","959378.967500000000"
"212.87","1601348.820000000000"
"212.89","1095388.525000000000"
"212.90","1296068.504000000000"
"212.91","1407245.850000000000"
"212.92","2408922.065000000000"
"212.93","1175285.400000000000"
"212.94","1649614.930000000000"
"212.96","665687.920000000000"
"212.97","1306194.550000000000"
"212.98","1732546.056666666667"
"213.01","1031185.210000000000"
"213.02","1423149.800000000000"
"213.03","1633241.590000000000"
"213.04","1308537.750000000000"
"213.05","1510925.320000000000"
"213.06","593138.590000000000"
"213.09","1450766.120000000000"
"213.11","724072.382500000000"
"213.12","1280846.988000000000"
"213.13","1539930.500000000000"
"213.16","640159.040000000000"
"213.17","848293.125000000000"
"213.18","641678.455000000000"
"213.19","1145732.002000000000"
"213.21","613270.790000000000"
"213.25","1139985.455000000000"
"213.27","1647720.870000000000"
"213.28","645618.590000000000"
"213.31","627634.040000000000"
"213.32","596554.050000000000"
"213.33","958514.220000000000"
"213.34","814560.972000000000"
"213.35","643558.780000000000"
"213.38","1332716.530000000000"
"213.41","1518841.450000000000"
"213.42","640210.850000000000"
"213.43","1385323.700000000000"
"213.47","1329669.300000000000"
"213.48","1227876.708000000000"
"213.49","311590.540000000000"
"213.53","1495536.460000000000"
"213.54","1456800.280000000000"
"213.55","598234.640000000000"
"213.58","745700.083333333333"
"213.62","840701.927500000000"
"213.67","968042.002857142857"
"213.71","1287034.700000000000"
"213.72","800805.280000000000"
"213.75","790390.093333333333"
"213.76","1121672.487500000000"
"213.77","842892.290000000000"
"213.79","775307.123333333333"
"213.80","663814.180000000000"
"213.81","669924.885000000000"
"213.82","1259590.265000000000"
"213.84","744151.370000000000"
"213.85","509460.705000000000"
"213.87","1391488.465000000000"
"213.90","491723.420000000000"
"213.91","875397.097500000000"
"213.93","731579.592500000000"
"213.95","488683.570000000000"
"213.96","867183.565000000000"
"214.00","485764.320000000000"
"214.02","995606.029166666667"
"214.03","768931.320000000000"
"214.09","1393422.636666666667"
"214.10","294659.500000000000"
"214.11","954457.462500000000"
"214.12","823831.560000000000"
"214.14","517829.625000000000"
"214.16","1224523.856666666667"
"214.17","760953.510000000000"
"214.19","821383.313333333333"
"214.20","807180.875000000000"
"214.23","761918.186666666667"
"214.24","1123696.582000000000"
"214.25","1035341.008000000000"
"214.30","803532.033333333333"
"214.31","1093959.980000000000"
"214.32","802786.770000000000"
"214.35","545206.320000000000"
"214.36","885263.705714285714"
"214.37","1106177.813333333333"
"214.38","329033.660000000000"
"214.42","964873.654444444444"
"214.43","729171.393333333333"
"214.46","1167775.370000000000"
"214.47","826616.386000000000"
"214.48","1429966.305000000000"
"214.49","925558.772500000000"
"214.50","896645.495000000000"
"214.52","770611.856666666667"
"214.53","1161874.715000000000"
"214.54","958225.410000000000"
"214.55","1140666.480000000000"
"214.56","798627.260000000000"
"214.57","1228608.555000000000"
"214.58","839911.000000000000"
"214.59","852333.750000000000"
"214.60","1163309.130000000000"
"214.61","1391095.295000000000"
"214.62","868053.755000000000"
"214.65","1077332.892222222222"
"214.66","517447.350000000000"
"214.67","719107.507500000000"
"214.68","820398.136666666667"
"214.69","1031874.001666666667"
"214.70","1015873.700625000000"
"214.71","814919.110000000000"
"214.72","752711.590000000000"
"214.73","1171521.952222222222"
"214.74","1063113.523333333333"
"214.75","1146115.720000000000"
"214.76","485744.610000000000"
"214.77","1016079.230000000000"
"214.78","1050475.040000000000"
"214.79","766273.506666666667"
"214.81","712122.303333333333"
"214.82","1069061.630000000000"
"214.83","988662.373750000000"
"214.84","1189323.704000000000"
"214.85","753285.335000000000"
"214.88","734626.963333333333"
"214.89","857477.876666666667"
"214.90","509263.280000000000"
"214.91","677676.000000000000"
"214.92","782641.730000000000"
"214.93","879765.152500000000"
"214.94","1069761.134000000000"
"214.95","773725.080000000000"
"214.96","1238212.000000000000"
"214.97","727341.056666666667"
"214.98","803983.666666666667"
"215.00","1075118.340000000000"
"215.01","1087371.995000000000"
"215.02","634569.586666666667"
"215.03","804105.490000000000"
"215.04","1036891.760000000000"
"215.06","832942.423333333333"
"215.07","1231758.903333333333"
"215.08","511049.060000000000"
"215.09","1405380.146666666667"
"215.11","1121072.878333333333"
"215.12","671102.420000000000"
"215.13","764810.237500000000"
"215.14","864216.388333333333"
"215.15","1078425.457500000000"
"215.16","397028.940000000000"
"215.17","822668.230000000000"
"215.18","958453.102500000000"
"215.20","1000601.820000000000"
"215.21","720194.693333333333"
"215.22","1196143.700000000000"
"215.23","771813.870000000000"
"215.25","885608.040000000000"
"215.26","1111309.447500000000"
"215.27","1232917.585000000000"
"215.28","1082057.931428571429"
"215.29","944342.913333333333"
"215.32","1105780.114000000000"
"215.33","834155.315000000000"
"215.36","1095286.823333333333"
"215.37","911538.980000000000"
"215.38","1063896.452500000000"
"215.39","1111869.835000000000"
"215.40","314316.550000000000"
"215.41","466322.760000000000"
"215.42","1396926.820000000000"
"215.44","980802.072000000000"
"215.45","916179.592857142857"
"215.46","1036810.710000000000"
"215.48","1352219.790000000000"
"215.50","1466046.670000000000"
"215.51","876101.898571428571"
"215.54","1624383.750000000000"
"215.55","1158529.700000000000"
"215.56","412829.250000000000"
"215.61","1042602.301666666667"
"215.63","1455090.690000000000"
"215.64","307333.620000000000"
"215.65","898689.515000000000"
"215.67","1530761.430000000000"
"215.69","1022835.220000000000"
"215.73","1446455.865000000000"
"215.74","1051737.633333333333"
"215.75","327093.890000000000"
"215.78","770946.370000000000"
"215.80","1589810.250000000000"
"215.84","319994.425000000000"
"215.86","924192.410000000000"
"215.89","930531.290000000000"
"215.90","1685375.470000000000"
"215.93","1043448.005000000000"
"215.96","1604775.580000000000"
"215.99","292539.730000000000"
"216.03","883814.762000000000"
"216.04","1514259.780000000000"
"216.05","275142.170000000000"
"216.07","297149.690000000000"
"216.09","746811.613333333333"
"216.11","317738.560000000000"
"216.12","1134960.350000000000"
"216.14","1438465.810000000000"
"216.15","1351371.707500000000"
"216.17","289886.160000000000"
"216.20","307291.560000000000"
"216.23","303643.840000000000"
"216.25","772233.653333333333"
"216.27","924881.555000000000"
"216.30","304976.250000000000"
"216.31","996147.390000000000"
"216.36","858109.264000000000"
"216.37","322904.680000000000"
"216.38","1419648.520000000000"
"216.41","765404.116666666667"
"216.42","321110.220000000000"
"216.50","555279.020000000000"
"216.53","290930.010000000000"
"216.54","1622150.330000000000"
"216.56","807647.433333333333"
"216.58","1195390.966666666667"
"216.60","278529.710000000000"
"216.62","1534594.000000000000"
"216.63","1304237.270000000000"
"216.70","1086479.347500000000"
"216.71","1394561.830000000000"
"216.72","762241.693333333333"
"216.73","1694551.150000000000"
"216.82","1341955.156666666667"
"216.84","1448797.020000000000"
"216.88","860605.275000000000"
"216.90","1526801.240000000000"
"216.92","917317.150000000000"
"216.94","665454.820000000000"
"216.96","1526506.080000000000"
"217.00","1051078.450000000000"
"217.01","1639358.930000000000"
"217.02","1483991.050000000000"
"217.05","1577484.530000000000"
"217.08","1601584.570000000000"
"217.11","513107.200000000000"
"217.14","1484995.380000000000"
"217.17","1039754.456666666667"
"217.18","1168361.972500000000"
"217.21","1493544.040000000000"
"217.22","935266.430000000000"
"217.27","1420405.410000000000"
"217.28","292315.380000000000"
"217.29","1382783.830000000000"
"217.33","1152548.318000000000"
"217.35","1504651.570000000000"
"217.36","1493525.930000000000"
"217.40","1012795.280000000000"
"217.42","817787.633333333333"
"217.47","859655.305000000000"
"217.49","1146457.692500000000"
"217.51","900387.290000000000"
"217.52","1477874.215000000000"
"217.58","1351407.790000000000"
"217.61","309111.470000000000"
"217.65","1133141.322500000000"
"217.66","877017.220000000000"
"217.68","1445249.090000000000"
"217.70","517783.500000000000"
"217.72","891961.600000000000"
"217.77","898289.140000000000"
"217.84","1697229.580000000000"
"217.87","1130353.502500000000"
"217.88","955744.546666666667"
"217.92","811081.235000000000"
"217.96","515226.110000000000"
"217.97","805230.455000000000"
"218.00","1594938.890000000000"
"218.01","827968.360000000000"
"218.05","1161845.586666666667"
"218.09","306069.180000000000"
"218.11","1554932.320000000000"
"218.20","497488.400000000000"
"218.21","816615.100000000000"
"218.22","1539483.700000000000"
"218.23","758630.796666666667"
"218.25","307035.110000000000"
"218.26","1093157.110000000000"
"218.36","1048376.918333333333"
"218.40","876104.636666666667"
"218.41","680000.387500000000"
"218.45","764595.025000000000"
"218.46","855738.185000000000"
"218.47","2033320.660000000000"
"218.50","907353.535000000000"
"218.55","833217.390000000000"
"218.57","311906.700000000000"
"218.58","747107.703333333333"
"218.59","721177.245000000000"
"218.60","1481739.200000000000"
"218.61","1295459.102500000000"
"218.64","803599.072000000000"
"218.68","747927.455000000000"
"218.69","784271.066666666667"
"218.71","1584083.950000000000"
"218.73","849426.600000000000"
"218.77","746447.125000000000"
"218.78","537064.030000000000"
"218.79","653046.060000000000"
"218.82","1378195.680000000000"
"218.83","829902.420000000000"
"218.84","779159.980000000000"
"218.85","889989.285000000000"
"218.86","754185.753333333333"
"218.88","561493.710000000000"
"218.89","797769.770000000000"
"218.90","916884.440000000000"
"218.91","957470.635000000000"
"218.93","857939.410000000000"
"218.95","892393.770000000000"
"218.96","907550.500000000000"
"219.00","1781780.197500000000"
"219.01","856796.100000000000"
"219.02","816066.376000000000"
"219.04","507900.070000000000"
"219.07","1056001.213333333333"
"219.08","471449.980000000000"
"219.09","740192.136666666667"
"219.11","792809.903333333333"
"219.12","553834.040000000000"
"219.13","767873.147500000000"
"219.15","836890.550000000000"
"219.17","836049.890000000000"
"219.18","1258389.790000000000"
"219.19","520284.790000000000"
"219.20","878627.556666666667"
"219.21","813393.720000000000"
"219.24","1180451.230000000000"
"219.26","640467.910000000000"
"219.29","376225.610000000000"
"219.32","696673.977500000000"
"219.36","1181070.211666666667"
"219.37","832136.050000000000"
"219.38","544643.330000000000"
"219.40","1056621.966666666667"
"219.42","895763.410000000000"
"219.43","545251.100000000000"
"219.44","870971.820000000000"
"219.45","528784.860000000000"
"219.53","927774.095714285714"
"219.54","932448.245000000000"
"219.56","1536176.540000000000"
"219.60","539126.000000000000"
"219.63","934897.372000000000"
"219.71","1550369.920000000000"
"219.72","991285.997500000000"
"219.74","785280.124000000000"
"219.76","379530.300000000000"
"219.79","1165417.180000000000"
"219.81","1110396.505000000000"
"219.89","1459601.170000000000"
"219.90","1027912.181428571429"
"219.94","458562.240000000000"
"219.97","703774.222500000000"
"219.99","1394393.840000000000"
"220.04","2249811.550000000000"
"220.05","779202.286666666667"
"220.07","1259318.652500000000"
"220.08","1319325.590000000000"
"220.09","779496.880000000000"
"220.12","752586.927500000000"
"220.13","809049.370000000000"
"220.17","1636339.650000000000"
"220.20","809037.946666666667"
"220.25","760263.183333333333"
"220.27","1802477.430000000000"
"220.28","1106665.212500000000"
"220.29","1688531.340000000000"
"220.30","651568.295000000000"
"220.32","508567.040000000000"
"220.35","786668.833333333333"
"220.41","776431.263333333333"
"220.43","906097.155000000000"
"220.44","830218.800000000000"
"220.45","809739.953333333333"
"220.48","610715.535000000000"
"220.49","986603.348571428571"
"220.53","764076.406666666667"
"220.55","1903385.140000000000"
"220.57","693205.795000000000"
"220.61","777467.836666666667"
"220.62","760643.380000000000"
"220.63","811742.330000000000"
"220.64","995291.962500000000"
"220.66","424905.600000000000"
"220.70","1144591.352500000000"
"220.72","848154.280000000000"
"220.75","827335.765000000000"
"220.76","333948.000000000000"
"220.77","2034695.560000000000"
"220.80","863188.260000000000"
"220.85","1022923.001111111111"
"220.91","860041.945000000000"
"220.92","1079061.767500000000"
"220.95","2644633.020000000000"
"220.96","905984.490000000000"
"220.98","529515.660000000000"
"220.99","843971.840000000000"
"221.00","1087684.432500000000"
"221.01","356427.980000000000"
"221.06","1675431.160000000000"
"221.07","1212168.555000000000"
"221.08","850112.360000000000"
"221.12","810126.153333333333"
"221.13","1237396.415000000000"
"221.15","1019778.192000000000"
"221.20","1113037.340000000000"
"221.21","1677472.780000000000"
"221.22","312220.470000000000"
"221.25","958865.300000000000"
"221.26","921174.171428571429"
"221.29","1229441.560000000000"
"221.31","1172535.388000000000"
"221.32","548527.490000000000"
"221.36","1209215.934000000000"
"221.38","1135755.786250000000"
"221.39","1129461.326250000000"
"221.40","1139875.002500000000"
"221.41","886908.970000000000"
"221.43","359206.210000000000"
"221.44","1269180.096000000000"
"221.46","821971.605000000000"
"221.48","993527.446000000000"
"221.49","1344243.170000000000"
"221.51","1621031.700000000000"
"221.52","1158283.457500000000"
"221.56","1162345.408000000000"
"221.57","1082688.257500000000"
"221.58","1098056.450000000000"
"221.59","1113800.417500000000"
"221.60","1096085.710000000000"
"221.62","1468928.370000000000"
"221.64","856965.300000000000"
"221.65","470934.860000000000"
"221.66","764746.063333333333"
"221.67","1684519.990000000000"
"221.68","1165824.666000000000"
"221.69","897032.190000000000"
"221.73","1611096.050000000000"
"221.74","1575673.210000000000"
"221.75","1660854.270000000000"
"221.76","1630607.000000000000"
"221.77","1496305.780000000000"
"221.80","933619.175000000000"
"221.81","1120967.905000000000"
"221.84","1540421.490000000000"
"221.85","799222.966666666667"
"221.86","1620603.920000000000"
"221.87","321299.990000000000"
"221.88","1156134.215000000000"
"221.90","1202939.335000000000"
"221.92","1527014.040000000000"
"221.93","1497954.760000000000"
"221.94","1192571.718000000000"
"221.95","1065872.793333333333"
"221.96","1592409.970000000000"
"222.02","402985.700000000000"
"222.03","1632616.090000000000"
"222.04","1597868.050000000000"
"222.05","772154.890000000000"
"222.07","1083320.437500000000"
"222.10","692161.877500000000"
"222.11","792243.280000000000"
"222.14","814753.500000000000"
"222.15","330063.060000000000"
"222.16","935916.880000000000"
"222.17","1494122.380000000000"
"222.21","655720.600000000000"
"222.22","1052195.002500000000"
"222.24","1465187.710000000000"
"222.26","360932.690000000000"
"222.31","957976.960000000000"
"222.33","346017.313333333333"
"222.34","341704.590000000000"
"222.35","327383.640000000000"
"222.39","325041.680000000000"
"222.40","613115.210000000000"
"222.42","1071492.063333333333"
"222.43","329658.100000000000"
"222.44","1661767.330000000000"
"222.45","1550385.650000000000"
"222.47","696568.690000000000"
"222.51","316203.640000000000"
"222.52","321205.120000000000"
"222.53","306827.360000000000"
"222.54","324195.170000000000"
"222.55","306759.700000000000"
"222.58","1517428.870000000000"
"222.62","1024514.707500000000"
"222.63","314014.180000000000"
"222.64","1147328.840000000000"
"222.66","630327.280000000000"
"222.67","1569304.400000000000"
"222.69","1118163.940000000000"
"222.76","320831.360000000000"
"222.78","1506126.060000000000"
"222.82","1241643.348000000000"
"222.83","1382369.855000000000"
"222.87","1462254.050000000000"
"222.88","705557.970000000000"
"222.89","1495143.620000000000"
"222.90","344642.010000000000"
"222.97","1508933.260000000000"
"222.98","1437059.260000000000"
"223.01","881319.045000000000"
"223.02","1097373.812500000000"
"223.03","350648.910000000000"
"223.04","1840131.190000000000"
"223.06","1032839.702000000000"
"223.07","905324.680000000000"
"223.08","1072329.567500000000"
"223.12","1616394.450000000000"
"223.17","877936.955000000000"
"223.18","1670785.970000000000"
"223.19","841031.880000000000"
"223.23","1456221.100000000000"
"223.24","872113.230000000000"
"223.25","549788.360000000000"
"223.28","1543461.120000000000"
"223.33","1517075.670000000000"
"223.35","1599516.813333333333"
"223.36","1696619.520000000000"
"223.37","974777.120000000000"
"223.38","1068416.006666666667"
"223.41","1618272.250000000000"
"223.42","817661.760000000000"
"223.43","1013827.220000000000"
"223.44","1493659.740000000000"
"223.45","1648863.460000000000"
"223.47","786560.950000000000"
"223.49","1876359.390000000000"
"223.52","813954.820000000000"
"223.53","1588142.260000000000"
"223.54","1574361.970000000000"
"223.55","1513229.160000000000"
"223.56","1046489.626666666667"
"223.57","949261.205000000000"
"223.61","778178.530000000000"
"223.62","474964.600000000000"
"223.65","1543049.520000000000"
"223.66","900846.420000000000"
"223.71","703870.365000000000"
"223.75","1023790.115000000000"
"223.77","343048.290000000000"
"223.79","1501095.490000000000"
"223.80","1021400.420000000000"
"223.81","482451.210000000000"
"223.90","549967.890000000000"
"223.92","1207546.276666666667"
"223.97","710789.150000000000"
"224.00","609736.120000000000"
"224.02","313358.150000000000"
"224.04","319550.770000000000"
"224.06","1608077.010000000000"
"224.13","899199.250000000000"
"224.16","658965.050000000000"
"224.18","928537.540000000000"
"224.20","1375166.860000000000"
"224.35","954068.000000000000"
"224.37","563578.790000000000"
"224.40","1188934.280000000000"
"224.56","929272.405000000000"
"224.59","619498.280000000000"
"224.60","1369131.460000000000"
"224.61","960115.560000000000"
"224.72","926830.040000000000"
"224.77","921178.390000000000"
"224.79","857250.430000000000"
"224.80","1046566.830000000000"
"224.84","874223.250000000000"
"224.87","853796.435000000000"
"224.91","905935.290000000000"
"224.94","1049778.570000000000"
"224.96","550373.570000000000"
"224.99","1046816.590000000000"
"225.01","1117646.196666666667"
"225.03","550791.320000000000"
"225.05","1436883.990000000000"
"225.06","909989.450000000000"
"225.07","1060535.153333333333"
"225.11","574985.370000000000"
"225.12","834380.953333333333"
"225.17","879448.250000000000"
"225.18","829350.260000000000"
"225.23","937232.090000000000"
"225.24","866066.215000000000"
"225.25","892017.052500000000"
"225.26","812830.023333333333"
"225.28","920128.890000000000"
"225.30","914765.162500000000"
"225.31","808728.995000000000"
"225.35","859996.965000000000"
"225.36","899449.650000000000"
"225.37","550414.990000000000"
"225.39","936168.220000000000"
"225.40","878298.220000000000"
"225.42","586289.080000000000"
"225.43","868576.305000000000"
"225.44","904371.386666666667"
"225.45","830911.460000000000"
"225.46","909665.680000000000"
"225.47","890392.625000000000"
"225.48","741530.155000000000"
"225.49","634739.602000000000"
"225.50","838227.520000000000"
"225.51","730841.415000000000"
"225.52","930745.690000000000"
"225.55","562173.120000000000"
"225.56","908113.015000000000"
"225.59","544770.700000000000"
"225.61","896613.190000000000"
"225.63","578790.360000000000"
"225.68","536537.640000000000"
"225.69","778652.323333333333"
"225.70","495951.000000000000"
"225.71","533887.540000000000"
"225.72","538713.470000000000"
"225.74","936373.650000000000"
"225.80","535153.470000000000"
"225.83","890855.540000000000"
"225.88","976137.730000000000"
"225.94","572887.780000000000"
"225.97","856407.065000000000"
"226.02","932160.370000000000"
"226.07","576879.150000000000"
"226.11","837632.105000000000"
"226.16","883569.380000000000"
"226.21","565812.290000000000"
"226.32","870262.535000000000"
"226.36","690611.900000000000"
"226.52","808621.875000000000"
"226.56","533756.880000000000"
"226.57","884724.410000000000"
"226.72","933175.955000000000"
"226.76","516361.060000000000"
"226.77","976436.020000000000"
"226.92","861384.740000000000"
"226.97","797713.387500000000"
"226.99","803081.075000000000"
"227.02","900309.750000000000"
"227.04","891671.440000000000"
"227.17","558464.800000000000"
"227.21","542009.460000000000"
"227.23","549731.490000000000"
